{
  "family": "ivylevel-backend-task",
  "networkMode": "awsvpc",
  "requiresCompatibilities": ["FARGATE"],
  "cpu": "256",
  "memory": "512",
  "executionRoleArn": "arn:aws:iam::211125397081:role/ecsTaskExecutionRole",
  "containerDefinitions": [
    {
      "name": "app",
      "image": "211125397081.dkr.ecr.us-east-1.amazonaws.com/ivylevel-backend-new:d66a15318cc60768c76815d4035af228adbd8601",
      "portMappings": [
        {
          "containerPort": 8000,
          "protocol": "tcp"
        }
      ],
      "essential": true,
      "logConfiguration": {
        "logDriver": "awslogs",
        "options": {
          "awslogs-group": "/ecs/ivylevel-backend",
          "awslogs-region": "us-east-1",
          "awslogs-stream-prefix": "ecs"
        }
      }
    }
  ]
} 